2026-01-05,11:17:10,SITE IS UP,200
2026-01-05,11:17:21,SITE IS UP,200
2026-01-05,11:17:32,SITE IS UP,200
2026-01-05,11:17:43,SITE IS UP,200
2026-01-05,11:17:53,SITE IS UP,200
2026-01-05,11:18:04,SITE IS UP,200
2026-01-05,11:18:15,SITE IS UP,200
2026-01-05,11:18:25,SITE IS UP,200
2026-01-05,11:18:36,SITE IS UP,200
2026-01-05,11:18:47,SITE IS UP,200
2026-01-05,11:18:57,SITE IS UP,200
2026-01-05,11:19:08,SITE IS UP,200
2026-01-05,11:19:19,SITE IS UP,200
2026-01-05,11:19:30,SITE IS UP,200
2026-01-05,11:19:41,SITE IS UP,200
2026-01-05,11:19:52,SITE IS UP,200
2026-01-05,11:21:10,SITE IS UP,200
2026-01-05,11:21:21,SITE IS UP,200
